{
  "M1": 0.7901500338315965,
  "M2": 0.7672608482837681
}