{
  "M1": 0.6383241993188857,
  "M2": 0.6712899386882781,
  "M3": 0.7526806741952876
}