{
  "M1": 0.7900885385274887,
  "M2": 0.7639207857847214
}