{
  "M1": 0.7917030519247055,
  "M2": 0.7453854084014893,
  "M3": 0.85870367705822
}